"Basket.clickBtnMoveToBasket(210043,7729,19409700960,60.42,0)"
"Basket.clickBtnMoveToBasket(210043,8527,19516417824,61.01,0)"
"Basket.clickBtnMoveToBasket(210043,8530,19409845578,62.1,0)"
"Basket.clickBtnMoveToBasket(210043,8550,19518015953,71.79,0)"
"Basket.clickBtnMoveToBasket(210043,8528,19518206891,71.79,0)"
"Basket.clickBtnMoveToBasket(210043,8547,19410003542,73.23,0)"
"Basket.clickBtnMoveToBasket(210043,8530,19498158917,74.8,0)"
"Basket.clickBtnMoveToBasket(210043,8536,19498136433,74.8,0)"
"Basket.clickBtnMoveToBasket(210043,8549,19498138194,76.19,0)"
"Basket.clickBtnMoveToBasket(1404,7792,19486774571,166.62,0)"
"Basket.clickBtnMoveToBasket(1404,8525,19520290887,166.62,0)"
"Basket.clickBtnMoveToBasket(1404,7851,19493030243,166.62,0)"
"Basket.clickBtnMoveToBasket(1404,8536,19498136434,166.62,0)"
"Basket.clickBtnMoveToBasket(1404,7729,19493024076,166.62,0)"
"Basket.clickBtnMoveToBasket(1404,8528,19493435644,166.62,0)"
"Basket.clickBtnMoveToBasket(1404,8552,19486778693,166.62,0)"
"Basket.clickBtnMoveToBasket(1404,8562,19498190928,166.62,0)"
"Basket.clickBtnMoveToBasket(1404,7752,19493034543,166.62,0)"
"Basket.clickBtnMoveToBasket(1404,8549,19498138195,167.43,0)"
"Basket.clickBtnMoveToBasket(1404,8553,19410008957,173.72,0)"
"Basket.clickBtnMoveToBasket(1404,7792,19409940456,173.72,0)"
"Basket.clickBtnMoveToBasket(1404,7732,19442006070,173.72,0)"
"Basket.clickBtnMoveToBasket(1404,7758,19409864661,173.72,0)"
"Basket.clickBtnMoveToBasket(1404,7791,19469099700,173.72,0)"
"Basket.clickBtnMoveToBasket(1404,8551,19500693216,173.72,0)"
"Basket.clickBtnMoveToBasket(1404,8530,19464904980,173.72,0)"
"Basket.clickBtnMoveToBasket(1404,8533,19464911566,173.72,0)"
"Basket.clickBtnMoveToBasket(1404,7847,19422340317,173.72,0)"
"Basket.clickBtnMoveToBasket(1404,8536,19449663358,173.72,0)"
"Basket.clickBtnMoveToBasket(1404,8542,19462225201,173.72,0)"
"Basket.clickBtnMoveToBasket(1404,8528,19411853935,173.72,0)"
"Basket.clickBtnMoveToBasket(1404,8544,19410037967,173.72,0)"
"Basket.clickBtnMoveToBasket(1404,8527,19469412201,173.72,0)"
"Basket.clickBtnMoveToBasket(1404,8550,19518015954,174.34,0)"
"Basket.clickBtnMoveToBasket(1404,7851,19520334010,174.34,0)"
"Basket.clickBtnMoveToBasket(1404,7850,19520333545,174.34,0)"
"Basket.clickBtnMoveToBasket(1404,8542,19516151062,174.34,0)"
"Basket.clickBtnMoveToBasket(1404,8544,19521158950,174.34,0)"
"Basket.clickBtnMoveToBasket(1404,8547,19462091381,174.37,0)"
"Basket.clickBtnMoveToBasket(1404,8549,19498138196,174.37,0)"
"Basket.clickBtnMoveToBasket(1404,8542,19411543621,174.98,0)"
"Basket.clickBtnMoveToBasket(1404,7742,19516158311,175.01,0)"
"Basket.clickBtnMoveToBasket(1404,8550,19409621508,175.03,0)"
"Basket.clickBtnMoveToBasket(1404,7758,19409864662,175.06,0)"
"Basket.clickBtnMoveToBasket(1404,7857,19409870610,175.06,0)"
"Basket.clickBtnMoveToBasket(1404,7850,19409790308,175.06,0)"
"Basket.clickBtnMoveToBasket(1404,8535,19409800475,175.76,0)"
"Basket.clickBtnMoveToBasket(1404,8547,19410003544,175.8,0)"
"Basket.clickBtnMoveToBasket(1404,7850,19409790309,176.41,0)"
"Basket.clickBtnMoveToBasket(1404,8542,19411543622,176.44,0)"
"Basket.clickBtnMoveToBasket(1404,8527,19410024359,176.44,0)"
"Basket.clickBtnMoveToBasket(1404,31444,19472190672,184,0)"
"Basket.clickBtnMoveToBasket(28136,7850,19409790304,52.89,0)"
"Basket.clickBtnMoveToBasket(28136,7792,19409940453,52.93,0)"
"Basket.clickBtnMoveToBasket(28136,8552,19480386376,52.93,0)"
"Basket.clickBtnMoveToBasket(28136,8553,19410008952,53.21,0)"
"Basket.clickBtnMoveToBasket(28136,8542,19411543617,53.44,0)"
"Basket.clickBtnMoveToBasket(28136,8562,19409924733,53.44,0)"
"Basket.clickBtnMoveToBasket(28136,8550,19409621503,53.96,0)"
"Basket.clickBtnMoveToBasket(28136,7732,19409876719,53.96,0)"
"Basket.clickBtnMoveToBasket(28136,7752,19409859280,54.07,0)"
"Basket.clickBtnMoveToBasket(28136,8536,19409740306,54.37,0)"
"Basket.clickBtnMoveToBasket(28136,7729,19409700957,54.37,0)"
"Basket.clickBtnMoveToBasket(28136,7851,19409795554,54.7,0)"
"Basket.clickBtnMoveToBasket(28136,8551,19409899675,54.79,0)"
"Basket.clickBtnMoveToBasket(28136,7758,19409864657,54.9,0)"
"Basket.clickBtnMoveToBasket(28136,7792,19464909287,55.19,0)"
"Basket.clickBtnMoveToBasket(28136,8525,19464911891,55.19,0)"
"Basket.clickBtnMoveToBasket(28136,7791,19520330074,55.19,0)"
"Basket.clickBtnMoveToBasket(28136,7857,19520338972,55.19,0)"
"Basket.clickBtnMoveToBasket(28136,8530,19498158916,55.19,0)"
"Basket.clickBtnMoveToBasket(28136,8533,19409989760,55.19,0)"
"Basket.clickBtnMoveToBasket(28136,8534,19517865890,55.19,0)"
"Basket.clickBtnMoveToBasket(28136,7729,19493024075,55.19,0)"
"Basket.clickBtnMoveToBasket(28136,8528,19411853931,55.19,0)"
"Basket.clickBtnMoveToBasket(28136,8544,19410037962,55.19,0)"
"Basket.clickBtnMoveToBasket(28136,8547,19486777854,55.64,0)"
"Basket.clickBtnMoveToBasket(28136,7742,19409822165,55.64,0)"
"Basket.clickBtnMoveToBasket(28136,8549,19498138193,55.64,0)"
"Basket.clickBtnMoveToBasket(28136,31444,19298576065,59,0)"
"Basket.clickBtnMoveToBasket(5429,8530,19409845577,36.32,0)"
"Basket.clickBtnMoveToBasket(4834763,41494,19521809393,236,1)"
"Basket.clickBtnMoveToBasket(4834763,41503,19521809393,236,0)"
"Basket.clickBtnMoveToBasket(4834763,41506,19521809393,236,0)"
"Basket.clickBtnMoveToBasket(4834763,41515,19521809393,236,0)"
"Basket.clickBtnMoveToBasket(4834763,41523,19521809393,236,0)"
"Basket.clickBtnMoveToBasket(3771,41494,19521804656,223,1)"
"Basket.clickBtnMoveToBasket(4834763,41524,19521809393,236,0)"
"Basket.clickBtnMoveToBasket(3771,8547,19498211623,200,0)"
"Basket.clickBtnMoveToBasket(3771,7729,19498129057,200,0)"
"Basket.clickBtnMoveToBasket(3771,8551,19509928248,203.2,0)"
"Basket.clickBtnMoveToBasket(3771,7792,19498226279,219,0)"
"Basket.clickBtnMoveToBasket(3771,41503,19521804656,223,0)"
"Basket.clickBtnMoveToBasket(3771,41506,19521804656,223,0)"
"Basket.clickBtnMoveToBasket(3771,41515,19521804656,223,0)"
"Basket.clickBtnMoveToBasket(3771,41523,19521804656,223,0)"
"Basket.clickBtnMoveToBasket(3771,41524,19521804656,223,0)"
"Basket.clickBtnMoveToBasket(3771,41536,19521804656,223,0)"
"Basket.clickBtnMoveToBasket(3771,41538,19521804656,223,0)"
"Basket.clickBtnMoveToBasket(3771,41543,19521804656,223,0)"
"Basket.clickBtnMoveToBasket(3771,41526,19521804656,223,0)"
"Basket.clickBtnMoveToBasket(3771,41534,19521804656,223,0)"
"Basket.clickBtnMoveToBasket(3771,41544,19521804656,223,0)"
"Basket.clickBtnMoveToBasket(3771,48844,19521804656,223,0)"
"Basket.clickBtnMoveToBasket(3771,41548,19521804656,223,0)"
"Basket.clickBtnMoveToBasket(3771,56720,19521804656,223,0)"
"Basket.clickBtnMoveToBasket(3771,41495,19521804656,223,0)"
"Basket.clickBtnMoveToBasket(3771,41541,19521804656,223,0)"
"Basket.clickBtnMoveToBasket(3771,41542,19521804656,223,0)"
"Basket.clickBtnMoveToBasket(3771,48169,19521804656,223,0)"
"Basket.clickBtnMoveToBasket(3771,48585,19521804656,223,0)"
"Basket.clickBtnMoveToBasket(3771,48586,19521804656,223,0)"
"Basket.clickBtnMoveToBasket(3771,48587,19521804656,223,0)"
"Basket.clickBtnMoveToBasket(3771,48588,19521804656,223,0)"
"Basket.clickBtnMoveToBasket(3771,48589,19521804656,223,0)"
"Basket.clickBtnMoveToBasket(3771,48590,19521804656,223,0)"
"Basket.clickBtnMoveToBasket(3771,48591,19521804656,223,0)"
"Basket.clickBtnMoveToBasket(3771,48592,19521804656,223,0)"
"Basket.clickBtnMoveToBasket(3771,48593,19521804656,223,0)"
"Basket.clickBtnMoveToBasket(4834763,41536,19521809393,236,0)"
"Basket.clickBtnMoveToBasket(4729,7729,19516154521,370.74,0)"
"Basket.clickBtnMoveToBasket(4834763,41538,19521809393,236,0)"
"Basket.clickBtnMoveToBasket(3771,41539,19521804656,223,0)"
"Basket.clickBtnMoveToBasket(3771,41540,19521804656,223,0)"
"Basket.clickBtnMoveToBasket(4834763,41543,19521809393,236,0)"
"Basket.clickBtnMoveToBasket(3771,41498,19521804656,223,0)"
"Basket.clickBtnMoveToBasket(3771,41501,19521804656,223,0)"
"Basket.clickBtnMoveToBasket(3771,41517,19521804656,223,0)"
"Basket.clickBtnMoveToBasket(3771,41499,19521804656,223,0)"
"Basket.clickBtnMoveToBasket(4834763,41526,19521809393,236,0)"
"Basket.clickBtnMoveToBasket(4834763,41534,19521809393,236,0)"
"Basket.clickBtnMoveToBasket(4834763,41544,19521809393,236,0)"
"Basket.clickBtnMoveToBasket(4834763,48844,19521809393,236,0)"
"Basket.clickBtnMoveToBasket(4729,8547,19498211362,377.95,0)"
"Basket.clickBtnMoveToBasket(4834763,41548,19521809393,236,0)"
"Basket.clickBtnMoveToBasket(4729,8551,19498183757,385.48,0)"
"Basket.clickBtnMoveToBasket(4729,7729,19498127984,385.48,0)"
"Basket.clickBtnMoveToBasket(4729,7792,19498225878,392,0)"
"Basket.clickBtnMoveToBasket(4729,8552,19410018421,443.77,0)"
"Basket.clickBtnMoveToBasket(4729,7752,19510011512,443.78,0)"
"Basket.clickBtnMoveToBasket(4729,8553,19493049452,457.81,0)"
"Basket.clickBtnMoveToBasket(4729,8550,19409621502,457.81,0)"
"Basket.clickBtnMoveToBasket(4729,8555,19409565103,457.81,0)"
"Basket.clickBtnMoveToBasket(4729,7732,19516160462,457.81,0)"
"Basket.clickBtnMoveToBasket(4729,8525,19520290886,457.81,0)"
"Basket.clickBtnMoveToBasket(4729,7758,19498164077,457.81,0)"
"Basket.clickBtnMoveToBasket(4729,7791,19498118599,457.81,0)"
"Basket.clickBtnMoveToBasket(4729,7857,19493036183,457.81,0)"
"Basket.clickBtnMoveToBasket(3771,41510,19521804656,223,0)"
"Basket.clickBtnMoveToBasket(4834763,56720,19521809393,236,0)"
"Basket.clickBtnMoveToBasket(4834763,41495,19521809393,236,0)"
"Basket.clickBtnMoveToBasket(4834763,41541,19521809393,236,0)"
"Basket.clickBtnMoveToBasket(4834763,41542,19521809393,236,0)"
"Basket.clickBtnMoveToBasket(4834763,48169,19521809393,236,0)"
"Basket.clickBtnMoveToBasket(4834763,48585,19521809393,236,0)"
"Basket.clickBtnMoveToBasket(4834763,48586,19521809393,236,0)"
"Basket.clickBtnMoveToBasket(4834763,48587,19521809393,236,0)"
"Basket.clickBtnMoveToBasket(4834763,48588,19521809393,236,0)"
"Basket.clickBtnMoveToBasket(4834763,48589,19521809393,236,0)"
"Basket.clickBtnMoveToBasket(4834763,48590,19521809393,236,0)"
"Basket.clickBtnMoveToBasket(4834763,48591,19521809393,236,0)"
"Basket.clickBtnMoveToBasket(4834763,48592,19521809393,236,0)"
"Basket.clickBtnMoveToBasket(4834763,48593,19521809393,236,0)"
"Basket.clickBtnMoveToBasket(4834763,41539,19521809393,236,0)"
"Basket.clickBtnMoveToBasket(4834763,41540,19521809393,236,0)"
"Basket.clickBtnMoveToBasket(5389,41494,19521807498,229,1)"
"Basket.clickBtnMoveToBasket(4729,8530,19517815291,457.81,0)"
"Basket.clickBtnMoveToBasket(4834763,41498,19521809393,236,0)"
"Basket.clickBtnMoveToBasket(3771,41533,19521804656,223,0)"
"Basket.clickBtnMoveToBasket(3771,41500,19521804656,223,0)"
"Basket.clickBtnMoveToBasket(3771,41502,19521804656,223,0)"
"Basket.clickBtnMoveToBasket(3771,41529,19521804656,223,0)"
"Basket.clickBtnMoveToBasket(3771,41505,19521804656,223,0)"
"Basket.clickBtnMoveToBasket(3771,41511,19521804656,223,0)"
"Basket.clickBtnMoveToBasket(4729,8533,19409989759,457.81,0)"
"Basket.clickBtnMoveToBasket(4729,7851,19446130917,457.81,0)"
"Basket.clickBtnMoveToBasket(4729,7850,19409790303,457.81,0)"
"Basket.clickBtnMoveToBasket(4729,7847,19422340316,457.81,0)"
"Basket.clickBtnMoveToBasket(4729,8534,19517865889,457.81,0)"
"Basket.clickBtnMoveToBasket(3771,41525,19521804656,223,0)"
"Basket.clickBtnMoveToBasket(4834763,41501,19521809393,236,0)""Basket.clickBtnMoveToBasket(3771,41508,19521804656,223,0)"
"Basket.clickBtnMoveToBasket(4729,8542,19516151061,457.81,0)"
"Basket.clickBtnMoveToBasket(3771,41521,19521804656,223,0)"
"Basket.clickBtnMoveToBasket(4834763,41517,19521809393,236,0)"
"Basket.clickBtnMoveToBasket(3771,41497,19521804656,223,0)"
"Basket.clickBtnMoveToBasket(4729,8528,19411853929,457.81,0)"
"Basket.clickBtnMoveToBasket(4834763,41499,19521809393,236,0)"
"Basket.clickBtnMoveToBasket(3771,41514,19521804656,223,0)"
"Basket.clickBtnMoveToBasket(4729,8544,19445442565,457.81,0)"
"Basket.clickBtnMoveToBasket(4834763,41510,19521809393,236,0)"
"Basket.clickBtnMoveToBasket(3771,41513,19521804656,223,0)"
"Basket.clickBtnMoveToBasket(4729,8552,19517881968,457.81,0)"
"Basket.clickBtnMoveToBasket(4834763,41533,19521809393,236,0)"
"Basket.clickBtnMoveToBasket(3771,8553,19517878218,228.71,0)"
"Basket.clickBtnMoveToBasket(4834763,41500,19521809393,236,0)"
"Basket.clickBtnMoveToBasket(3771,8550,19518016017,228.71,0)"
"Basket.clickBtnMoveToBasket(4729,8562,19445423947,457.81,0)"
"Basket.clickBtnMoveToBasket(3771,7732,19516160524,228.71,0)"
"Basket.clickBtnMoveToBasket(3771,7857,19520339068,228.71,0)"

"Basket.clickBtnMoveToBasket(4834763,41529,19521809393,236,0)"
"Basket.clickBtnMoveToBasket(3771,7752,19516144040,228.71,0)"
"Basket.clickBtnMoveToBasket(3771,8542,19411544498,230.99,0)"
"Basket.clickBtnMoveToBasket(3771,8530,19505931557,236.67,0)"
"Basket.clickBtnMoveToBasket(4834763,41505,19521809393,236,0)"
"Basket.clickBtnMoveToBasket(3771,8555,19409565543,240.66,0)"
"Basket.clickBtnMoveToBasket(4834763,41511,19521809393,236,0)"
"Basket.clickBtnMoveToBasket(3771,8525,19409994400,240.66,0)"
"Basket.clickBtnMoveToBasket(4834763,41522,19521809393,236,0)"
"Basket.clickBtnMoveToBasket(4834763,61919,19521809393,236,0)"
"Basket.clickBtnMoveToBasket(4729,7752,19442005187,457.81,0)"
"Basket.clickBtnMoveToBasket(5389,41503,19521807498,229,0)"
"Basket.clickBtnMoveToBasket(3771,7758,19409865356,240.66,0)"
"Basket.clickBtnMoveToBasket(5389,41506,19521807498,229,0)"
"Basket.clickBtnMoveToBasket(5389,41515,19521807498,229,0)"
"Basket.clickBtnMoveToBasket(5389,41523,19521807498,229,0)"
"Basket.clickBtnMoveToBasket(4834763,41525,19521809393,236,0)"
"Basket.clickBtnMoveToBasket(4729,7742,19409822164,459.8,0)"
"Basket.clickBtnMoveToBasket(3771,7791,19409638750,240.66,0)"
"Basket.clickBtnMoveToBasket(3771,8530,19446133444,240.66,0)"
"Basket.clickBtnMoveToBasket(3771,8533,19409990256,240.66,0)"
"Basket.clickBtnMoveToBasket(3771,7851,19409796113,240.66,0)"
"Basket.clickBtnMoveToBasket(3771,7850,19409790949,240.66,0)"
"Basket.clickBtnMoveToBasket(5389,41524,19521807498,229,0)"
"Basket.clickBtnMoveToBasket(3771,8534,19409985789,240.66,0)"
"Basket.clickBtnMoveToBasket(5389,41536,19521807498,229,0)"
"Basket.clickBtnMoveToBasket(3771,8536,19409741096,240.66,0)"
"Basket.clickBtnMoveToBasket(5389,41538,19521807498,229,0)"
"Basket.clickBtnMoveToBasket(5389,41543,19521807498,229,0)"
"Basket.clickBtnMoveToBasket(3771,8544,19410038636,240.66,0)"
"Basket.clickBtnMoveToBasket(5389,41526,19521807498,229,0)"
"Basket.clickBtnMoveToBasket(3771,8552,19442013978,240.66,0)"
"Basket.clickBtnMoveToBasket(3771,8527,19410025123,240.66,0)"
"Basket.clickBtnMoveToBasket(3771,8562,19409925525,240.66,0)"
"Basket.clickBtnMoveToBasket(3771,8535,19409801313,241.7,0)"
"Basket.clickBtnMoveToBasket(3771,8549,19498139027,241.7,0)"
"Basket.clickBtnMoveToBasket(5389,41534,19521807498,229,0)"
"Basket.clickBtnMoveToBasket(4729,8535,19409800473,459.8,0)"
"Basket.clickBtnMoveToBasket(3771,7847,19409779897,246.14,0)"
"Basket.clickBtnMoveToBasket(3771,31444,19385048545,257,0)"
"Basket.clickBtnMoveToBasket(5389,41544,19521807498,229,0)"
"Basket.clickBtnMoveToBasket(5389,48844,19521807498,229,0)"
"Basket.clickBtnMoveToBasket(5389,41548,19521807498,229,0)"
"Basket.clickBtnMoveToBasket(4834763,41508,19521809393,236,0)"
"Basket.clickBtnMoveToBasket(5389,56720,19521807498,229,0)"
"Basket.clickBtnMoveToBasket(5389,41495,19521807498,229,0)"
"Basket.clickBtnMoveToBasket(5389,41541,19521807498,229,0)"
"Basket.clickBtnMoveToBasket(5389,41542,19521807498,229,0)"
"Basket.clickBtnMoveToBasket(5389,48169,19521807498,229,0)"
"Basket.clickBtnMoveToBasket(4729,8549,19492325964,459.8,0)"
"Basket.clickBtnMoveToBasket(5389,48586,19521807498,229,0)"
"Basket.clickBtnMoveToBasket(5389,48587,19521807498,229,0)"
"Basket.clickBtnMoveToBasket(5389,48588,19521807498,229,0)"
"Basket.clickBtnMoveToBasket(5389,48589,19521807498,229,0)"
"Basket.clickBtnMoveToBasket(5389,48590,19521807498,229,0)"
"Basket.clickBtnMoveToBasket(5389,48591,19521807498,229,0)"
"Basket.clickBtnMoveToBasket(5389,48592,19521807498,229,0)"
"Basket.clickBtnMoveToBasket(4834763,41521,19521809393,236,0)"
"Basket.clickBtnMoveToBasket(4834763,41497,19521809393,236,0)"
"Basket.clickBtnMoveToBasket(4834763,41514,19521809393,236,0)"
"Basket.clickBtnMoveToBasket(4834763,41513,19521809393,236,0)"
"Basket.clickBtnMoveToBasket(4834763,31444,19456385840,242,0)"
"Basket.clickBtnMoveToBasket(4834763,31914,19476867296,270,0)"
"Basket.clickBtnMoveToBasket(5389,48593,19521807498,229,0)"
"Basket.clickBtnMoveToBasket(5389,41539,19521807498,229,0)"
"Basket.clickBtnMoveToBasket(5389,41540,19521807498,229,0)"
"Basket.clickBtnMoveToBasket(5389,41498,19521807498,229,0)"
"Basket.clickBtnMoveToBasket(5389,41501,19521807498,229,0)"
"Basket.clickBtnMoveToBasket(5389,41517,19521807498,229,0)"
"Basket.clickBtnMoveToBasket(5389,41499,19521807498,229,0)"
"Basket.clickBtnMoveToBasket(5389,41510,19521807498,229,0)"
"Basket.clickBtnMoveToBasket(5389,41533,19521807498,229,0)"
"Basket.clickBtnMoveToBasket(5389,41500,19521807498,229,0)"
"Basket.clickBtnMoveToBasket(5389,41502,19521807498,229,0)"
"Basket.clickBtnMoveToBasket(5389,41529,19521807498,229,0)"
"Basket.clickBtnMoveToBasket(5389,41505,19521807498,229,0)"
"Basket.clickBtnMoveToBasket(5389,41511,19521807498,229,0)"
"Basket.clickBtnMoveToBasket(5389,41522,19521807498,229,0)"
"Basket.clickBtnMoveToBasket(5389,61919,19521807498,229,0)"
"Basket.clickBtnMoveToBasket(5389,41525,19521807498,229,0)"
"Basket.clickBtnMoveToBasket(5389,41508,19521807498,229,0)"
"Basket.clickBtnMoveToBasket(5389,41521,19521807498,229,0)"
"Basket.clickBtnMoveToBasket(5389,41497,19521807498,229,0)"
"Basket.clickBtnMoveToBasket(5389,41514,19521807498,229,0)"
"Basket.clickBtnMoveToBasket(5389,41513,19521807498,229,0)"
"Basket.clickBtnMoveToBasket(5389,7732,19409881692,236.88,0)"
"Basket.clickBtnMoveToBasket(5389,7752,19409863748,236.88,0)"
"Basket.clickBtnMoveToBasket(5389,7758,19469074093,237.48,0)"
"Basket.clickBtnMoveToBasket(5389,8542,19516151537,237.48,0)"
"Basket.clickBtnMoveToBasket(5389,8528,19442036148,237.48,0)"
"Basket.clickBtnMoveToBasket(5389,8562,19445424324,237.48,0)"
"Basket.clickBtnMoveToBasket(5389,8550,19409626116,237.69,0)"
"Basket.clickBtnMoveToBasket(5389,8542,19411549147,237.69,0)"
"Basket.clickBtnMoveToBasket(5389,8530,19409851922,237.71,0)"
"Basket.clickBtnMoveToBasket(5389,8525,19409998020,237.87,0)"
"Basket.clickBtnMoveToBasket(5389,7758,19409869616,237.87,0)"
"Basket.clickBtnMoveToBasket(5389,8536,19409745470,237.87,0)"
"Basket.clickBtnMoveToBasket(5389,8534,19486777325,238.06,0)"
"Basket.clickBtnMoveToBasket(5389,8544,19422426250,238.06,0)"
"Basket.clickBtnMoveToBasket(5389,8535,19462080695,239.11,0)"
"Basket.clickBtnMoveToBasket(5389,7742,19486772350,239.3,0)"
"Basket.clickBtnMoveToBasket(5389,8549,19498143629,239.3,0)"
"Basket.clickBtnMoveToBasket(5389,7850,19409794651,239.71,0)"
"Basket.clickBtnMoveToBasket(5389,7729,19409707115,239.71,0)"
"Basket.clickBtnMoveToBasket(5389,8542,19411549148,239.71,0)"
"Basket.clickBtnMoveToBasket(5389,8552,19410023574,239.71,0)"
"Basket.clickBtnMoveToBasket(5389,8527,19410028637,239.71,0)"
"Basket.clickBtnMoveToBasket(5389,8530,19409851923,240.02,0)"
"Basket.clickBtnMoveToBasket(5389,8555,19409568081,246.9,0)"
"Basket.clickBtnMoveToBasket(5389,7792,19409946353,246.9,0)"
"Basket.clickBtnMoveToBasket(5389,8530,19409851924,246.9,0)"
"Basket.clickBtnMoveToBasket(5389,7851,19409799576,246.9,0)"
"Basket.clickBtnMoveToBasket(5389,8544,19410042448,246.9,0)"
"Basket.clickBtnMoveToBasket(5389,8547,19509932905,247.1,0)"
"Basket.clickBtnMoveToBasket(5389,8553,19410017105,247.95,0)"
"Basket.clickBtnMoveToBasket(5389,8551,19409903694,247.95,0)"
"Basket.clickBtnMoveToBasket(5389,8533,19409993016,247.95,0)"
"Basket.clickBtnMoveToBasket(5389,7847,19409785242,247.95,0)"
"Basket.clickBtnMoveToBasket(5389,8534,19409989046,247.95,0)"
"Basket.clickBtnMoveToBasket(5389,31444,19512735899,262,0)"
"Basket.clickBtnMoveToBasket(5389,31914,19510831134,262,0)"
"Basket.clickBtnMoveToBasket(5389,41494,19521801540,481,0)"
"Basket.clickBtnMoveToBasket(5389,41503,19521801540,481,0)"
"Basket.clickBtnMoveToBasket(5389,41506,19521801540,481,0)"
"Basket.clickBtnMoveToBasket(5389,41515,19521801540,481,0)"
"Basket.clickBtnMoveToBasket(5389,41523,19521801540,481,0)"
"Basket.clickBtnMoveToBasket(5389,41524,19521801540,481,0)"
"Basket.clickBtnMoveToBasket(5389,41536,19521801540,481,0)"
"Basket.clickBtnMoveToBasket(5389,41538,19521801540,481,0)"
"Basket.clickBtnMoveToBasket(5389,41543,19521801540,481,0)"
"Basket.clickBtnMoveToBasket(5389,41526,19521801540,481,0)"
"Basket.clickBtnMoveToBasket(5389,41534,19521801540,481,0)"
"Basket.clickBtnMoveToBasket(5389,41544,19521801540,481,0)"
"Basket.clickBtnMoveToBasket(5389,48844,19521801540,481,0)"
"Basket.clickBtnMoveToBasket(5389,41548,19521801540,481,0)"
"Basket.clickBtnMoveToBasket(5389,56720,19521801540,481,0)"
"Basket.clickBtnMoveToBasket(5389,41495,19521801540,481,0)"
"Basket.clickBtnMoveToBasket(5389,41541,19521801540,481,0)"
"Basket.clickBtnMoveToBasket(5389,41542,19521801540,481,0)"
"Basket.clickBtnMoveToBasket(5389,48169,19521801540,481,0)"
"Basket.clickBtnMoveToBasket(5389,48585,19521801540,481,0)"
"Basket.clickBtnMoveToBasket(5389,48586,19521801540,481,0)"
"Basket.clickBtnMoveToBasket(5389,48587,19521801540,481,0)"
"Basket.clickBtnMoveToBasket(5389,48588,19521801540,481,0)"
"Basket.clickBtnMoveToBasket(5389,48589,19521801540,481,0)"
"Basket.clickBtnMoveToBasket(5389,48590,19521801540,481,0)"
"Basket.clickBtnMoveToBasket(5389,48591,19521801540,481,0)"
"Basket.clickBtnMoveToBasket(5389,48592,19521801540,481,0)"
"Basket.clickBtnMoveToBasket(5389,48593,19521801540,481,0)"
"Basket.clickBtnMoveToBasket(5389,41539,19521801540,481,0)"
"Basket.clickBtnMoveToBasket(5389,41540,19521801540,481,0)"
"Basket.clickBtnMoveToBasket(5389,41498,19521801540,481,0)"
"Basket.clickBtnMoveToBasket(5389,41501,19521801540,481,0)"
"Basket.clickBtnMoveToBasket(5389,41517,19521801540,481,0)"
"Basket.clickBtnMoveToBasket(5389,41499,19521801540,481,0)"
"Basket.clickBtnMoveToBasket(5389,41510,19521801540,481,0)"
"Basket.clickBtnMoveToBasket(5389,41533,19521801540,481,0)"
"Basket.clickBtnMoveToBasket(5389,41500,19521801540,481,0)"
"Basket.clickBtnMoveToBasket(5389,41502,19521801540,481,0)"
"Basket.clickBtnMoveToBasket(5389,41529,19521801540,481,0)"
"Basket.clickBtnMoveToBasket(5389,41505,19521801540,481,0)"
"Basket.clickBtnMoveToBasket(5389,41511,19521801540,481,0)"
"Basket.clickBtnMoveToBasket(5389,41522,19521801540,481,0)"
"Basket.clickBtnMoveToBasket(5389,61919,19521801540,481,0)"
"Basket.clickBtnMoveToBasket(5389,41525,19521801540,481,0)"
"Basket.clickBtnMoveToBasket(5389,41508,19521801540,481,0)"
"Basket.clickBtnMoveToBasket(5389,41521,19521801540,481,0)"
"Basket.clickBtnMoveToBasket(5389,41497,19521801540,481,0)"
"Basket.clickBtnMoveToBasket(5389,41514,19521801540,481,0)"
"Basket.clickBtnMoveToBasket(5389,41513,19521801540,481,0)"
"Basket.clickBtnMoveToBasket(503286,31914,19386719764,111,0)"
"Basket.clickBtnMoveToBasket(1679,7729,19514000697,168,0)"
"Basket.clickBtnMoveToBasket(7075,8547,19498211361,326.16,0)"
"Basket.clickBtnMoveToBasket(7075,8551,19498183756,332.66,0)"
"Basket.clickBtnMoveToBasket(7075,7729,19498127982,336.24,0)"
"Basket.clickBtnMoveToBasket(7075,7792,19498225877,346,0)"
"Basket.clickBtnMoveToBasket(7075,8553,19410008945,391.36,0)"
"Basket.clickBtnMoveToBasket(7075,8555,19442227976,395.68,0)"
"Basket.clickBtnMoveToBasket(7075,7732,19422345841,395.68,0)"
"Basket.clickBtnMoveToBasket(7075,7758,19469073306,395.68,0)"
"Basket.clickBtnMoveToBasket(7075,7791,19429566134,395.68,0)"
"Basket.clickBtnMoveToBasket(7075,7857,19493036182,395.68,0)"
"Basket.clickBtnMoveToBasket(7075,8530,19498158915,395.68,0)"
"Basket.clickBtnMoveToBasket(7075,8533,19426101828,395.68,0)"
"Basket.clickBtnMoveToBasket(7075,7850,19493029529,395.68,0)"
"Basket.clickBtnMoveToBasket(7075,7847,19409779089,395.68,0)"
"Basket.clickBtnMoveToBasket(7075,8536,19429539652,395.68,0)"
"Basket.clickBtnMoveToBasket(7075,8552,19486778692,395.68,0)"
"Basket.clickBtnMoveToBasket(7075,8527,19410024353,395.68,0)"
"Basket.clickBtnMoveToBasket(7075,8562,19464908517,395.68,0)"
"Basket.clickBtnMoveToBasket(7075,8535,19422341648,397.47,0)"
"Basket.clickBtnMoveToBasket(7075,8549,19498138192,397.47,0)"
"Basket.clickBtnMoveToBasket(7075,8528,19411853926,398.86,0)"
"Basket.clickBtnMoveToBasket(7075,8553,19410008949,399.09,0)"
"Basket.clickBtnMoveToBasket(7075,8550,19409621500,399.09,0)"
"Basket.clickBtnMoveToBasket(7075,7851,19409795552,399.09,0)"
"Basket.clickBtnMoveToBasket(7075,7850,19409790302,399.09,0)"
"Basket.clickBtnMoveToBasket(7075,8534,19409985249,399.09,0)"
"Basket.clickBtnMoveToBasket(7075,8528,19411853927,399.09,0)"
"Basket.clickBtnMoveToBasket(7075,8552,19410018419,399.09,0)"
"Basket.clickBtnMoveToBasket(7075,8527,19421104870,399.09,0)"
"Basket.clickBtnMoveToBasket(7075,8562,19409924730,399.09,0)"
"Basket.clickBtnMoveToBasket(7075,7752,19464905565,399.09,0)"
"Basket.clickBtnMoveToBasket(7075,7742,19409822162,400.81,0)"
"Basket.clickBtnMoveToBasket(7075,8553,19410008950,404.44,0)"
"Basket.clickBtnMoveToBasket(7075,31444,19512735960,422,0)"
"Basket.clickBtnMoveToBasket(7715,41494,19521808042,314,1)"
"Basket.clickBtnMoveToBasket(1679,8547,19498211408,177,0)"
"Basket.clickBtnMoveToBasket(7715,8530,19458975402,283.37,0)"
"Basket.clickBtnMoveToBasket(7715,41503,19521808042,314,0)"
"Basket.clickBtnMoveToBasket(7715,41506,19521808042,314,0)"
"Basket.clickBtnMoveToBasket(7715,41515,19521808042,314,0)"
"Basket.clickBtnMoveToBasket(7715,41523,19521808042,314,0)"
"Basket.clickBtnMoveToBasket(7715,41524,19521808042,314,0)"
"Basket.clickBtnMoveToBasket(7715,41536,19521808042,314,0)"
"Basket.clickBtnMoveToBasket(7715,41538,19521808042,314,0)"
"Basket.clickBtnMoveToBasket(1679,8527,19410024496,188.8,0)"
"Basket.clickBtnMoveToBasket(34779,8550,19487974171,131.95,0)"
"Basket.clickBtnMoveToBasket(34779,7792,19486774572,131.95,0)"
"Basket.clickBtnMoveToBasket(34779,7732,19486779212,131.95,0)"
"Basket.clickBtnMoveToBasket(34779,7758,19498164078,131.95,0)"
"Basket.clickBtnMoveToBasket(34779,7791,19498118600,131.95,0)"
"Basket.clickBtnMoveToBasket(34779,8530,19498158918,131.95,0)"
"Basket.clickBtnMoveToBasket(34779,7851,19520334011,131.95,0)"
"Basket.clickBtnMoveToBasket(34779,8536,19520348077,131.95,0)"
"Basket.clickBtnMoveToBasket(34779,8528,19493435645,131.95,0)"
"Basket.clickBtnMoveToBasket(34779,8544,19493039614,131.95,0)"
"Basket.clickBtnMoveToBasket(34779,7742,19516158312,132.64,0)"
"Basket.clickBtnMoveToBasket(34779,8535,19486771057,132.64,0)"
"Basket.clickBtnMoveToBasket(34779,8525,19469094187,133.39,0)"
"Basket.clickBtnMoveToBasket(34779,7857,19469075905,133.39,0)"
"Basket.clickBtnMoveToBasket(34779,8562,19473238319,133.39,0)"
"Basket.clickBtnMoveToBasket(34779,7752,19469072400,133.39,0)"
"Basket.clickBtnMoveToBasket(34779,7729,19409700965,134.38,0)"
"Basket.clickBtnMoveToBasket(43665,41494,19521805253,102,1)"
"Basket.clickBtnMoveToBasket(29869,7752,19409859458,153.7,0)"
"Basket.clickBtnMoveToBasket(1679,8553,19445429001,188.88,0)"
"Basket.clickBtnMoveToBasket(1679,8525,19469094202,189.61,0)"
"Basket.clickBtnMoveToBasket(3962,41494,19521802430,401,1)"
"Basket.clickBtnMoveToBasket(3962,8527,19426304281,122.1,0)"
"Basket.clickBtnMoveToBasket(3962,8547,19426102846,124.47,0)"
"Basket.clickBtnMoveToBasket(3962,7732,19426097253,145.35,0)"
"Basket.clickBtnMoveToBasket(3962,8533,19426102092,145.35,0)"
"Basket.clickBtnMoveToBasket(3962,7851,19426093296,145.35,0)"
"Basket.clickBtnMoveToBasket(3962,7850,19458973966,145.35,0)"
"Basket.clickBtnMoveToBasket(3962,8536,19426089733,145.35,0)"
"Basket.clickBtnMoveToBasket(3962,7729,19458983439,145.35,0)"
"Basket.clickBtnMoveToBasket(3962,8528,19426297421,145.35,0)"
"Basket.clickBtnMoveToBasket(3962,8535,19458974209,148.18,0)"
"Basket.clickBtnMoveToBasket(3962,31914,19510831093,286,0)"
"Basket.clickBtnMoveToBasket(3962,41503,19521802430,401,0)"
"Basket.clickBtnMoveToBasket(3962,41506,19521802430,401,0)"
"Basket.clickBtnMoveToBasket(3962,41515,19521802430,401,0)"
"Basket.clickBtnMoveToBasket(3962,41523,19521802430,401,0)"
"Basket.clickBtnMoveToBasket(3962,41524,19521802430,401,0)"
"Basket.clickBtnMoveToBasket(3962,41536,19521802430,401,0)"
"Basket.clickBtnMoveToBasket(3962,41538,19521802430,401,0)"
"Basket.clickBtnMoveToBasket(3962,41543,19521802430,401,0)"
"Basket.clickBtnMoveToBasket(3962,41526,19521802430,401,0)"
"Basket.clickBtnMoveToBasket(3962,41534,19521802430,401,0)"
"Basket.clickBtnMoveToBasket(3962,41544,19521802430,401,0)"
"Basket.clickBtnMoveToBasket(3962,48844,19521802430,401,0)"
"Basket.clickBtnMoveToBasket(3962,41548,19521802430,401,0)"
"Basket.clickBtnMoveToBasket(3962,56720,19521802430,401,0)"
"Basket.clickBtnMoveToBasket(3962,41495,19521802430,401,0)"
"Basket.clickBtnMoveToBasket(3962,41541,19521802430,401,0)"
"Basket.clickBtnMoveToBasket(3962,41542,19521802430,401,0)"
"Basket.clickBtnMoveToBasket(3962,48169,19521802430,401,0)"
"Basket.clickBtnMoveToBasket(3962,48585,19521802430,401,0)"
"Basket.clickBtnMoveToBasket(3962,48586,19521802430,401,0)"
"Basket.clickBtnMoveToBasket(3962,48587,19521802430,401,0)"
"Basket.clickBtnMoveToBasket(3962,48588,19521802430,401,0)"
"Basket.clickBtnMoveToBasket(3962,48589,19521802430,401,0)"
"Basket.clickBtnMoveToBasket(3962,48590,19521802430,401,0)"
"Basket.clickBtnMoveToBasket(3962,48591,19521802430,401,0)"
"Basket.clickBtnMoveToBasket(3962,48592,19521802430,401,0)"
"Basket.clickBtnMoveToBasket(3962,48593,19521802430,401,0)"
"Basket.clickBtnMoveToBasket(3962,41539,19521802430,401,0)"
"Basket.clickBtnMoveToBasket(3962,41540,19521802430,401,0)"
"Basket.clickBtnMoveToBasket(3962,41498,19521802430,401,0)"
"Basket.clickBtnMoveToBasket(3962,41501,19521802430,401,0)"
"Basket.clickBtnMoveToBasket(3962,41517,19521802430,401,0)"
"Basket.clickBtnMoveToBasket(3962,41499,19521802430,401,0)"
"Basket.clickBtnMoveToBasket(3962,41510,19521802430,401,0)"
"Basket.clickBtnMoveToBasket(3962,41533,19521802430,401,0)"
"Basket.clickBtnMoveToBasket(3962,41500,19521802430,401,0)"
"Basket.clickBtnMoveToBasket(3962,41502,19521802430,401,0)"
"Basket.clickBtnMoveToBasket(3962,41529,19521802430,401,0)"
"Basket.clickBtnMoveToBasket(3962,41505,19521802430,401,0)"
"Basket.clickBtnMoveToBasket(7715,41543,19521808042,314,0)"
"Basket.clickBtnMoveToBasket(34779,8527,19410024360,134.38,0)"
"Basket.clickBtnMoveToBasket(34779,8550,19422460808,137.61,0)"
"Basket.clickBtnMoveToBasket(34779,7792,19422348896,137.61,0)"
"Basket.clickBtnMoveToBasket(34779,8551,19509928078,137.61,0)"
"Basket.clickBtnMoveToBasket(34779,8530,19409845583,137.61,0)"
"Basket.clickBtnMoveToBasket(34779,7850,19426092777,137.61,0)"
"Basket.clickBtnMoveToBasket(34779,8534,19422350631,137.61,0)"
"Basket.clickBtnMoveToBasket(34779,8542,19442006732,137.61,0)"
"Basket.clickBtnMoveToBasket(43665,7729,19516154522,69.84,0)"
"Basket.clickBtnMoveToBasket(34779,8552,19480386378,137.61,0)"
"Basket.clickBtnMoveToBasket(43665,41503,19521805253,102,0)"
"Basket.clickBtnMoveToBasket(34779,8527,19430122108,137.61,0)"
"Basket.clickBtnMoveToBasket(43665,41506,19521805253,102,0)"
"Basket.clickBtnMoveToBasket(34779,8553,19410008959,137.83,0)"
"Basket.clickBtnMoveToBasket(43665,41515,19521805253,102,0)"
"Basket.clickBtnMoveToBasket(34779,7792,19409940458,137.83,0)"
"Basket.clickBtnMoveToBasket(43665,41523,19521805253,102,0)"
"Basket.clickBtnMoveToBasket(34779,7758,19409864663,137.83,0)"
"Basket.clickBtnMoveToBasket(43665,41524,19521805253,102,0)"
"Basket.clickBtnMoveToBasket(34779,8530,19409845584,137.83,0)"
"Basket.clickBtnMoveToBasket(43665,41536,19521805253,102,0)"
"Basket.clickBtnMoveToBasket(34779,7847,19409779094,137.83,0)"
"Basket.clickBtnMoveToBasket(43665,41538,19521805253,102,0)"
"Basket.clickBtnMoveToBasket(34779,8534,19409985258,137.83,0)"
"Basket.clickBtnMoveToBasket(43665,41543,19521805253,102,0)"
"Basket.clickBtnMoveToBasket(34779,8536,19409740311,137.83,0)"
"Basket.clickBtnMoveToBasket(43665,41526,19521805253,102,0)"
"Basket.clickBtnMoveToBasket(34779,8527,19410024361,137.83,0)"
"Basket.clickBtnMoveToBasket(43665,41534,19521805253,102,0)"
"Basket.clickBtnMoveToBasket(34779,7857,19409870611,137.86,0)"
"Basket.clickBtnMoveToBasket(43665,41544,19521805253,102,0)"
"Basket.clickBtnMoveToBasket(7715,41534,19521808042,314,0)"

"Basket.clickBtnMoveToBasket(3851,41494,19521803084,259,1)"
"Basket.clickBtnMoveToBasket(1008,8551,19500693242,243.25,0)"
"Basket.clickBtnMoveToBasket(1008,7729,19498131474,243.25,0)"
"Basket.clickBtnMoveToBasket(29869,7850,19409790473,157.16,0)"
"Basket.clickBtnMoveToBasket(43665,48844,19521805253,102,0)"
"Basket.clickBtnMoveToBasket(3851,8547,19498211406,223.92,0)"
"Basket.clickBtnMoveToBasket(3962,41511,19521802430,401,0)"
"Basket.clickBtnMoveToBasket(1679,8553,19498213832,189.92,0)"
"Basket.clickBtnMoveToBasket(7715,48844,19521808042,314,0)"

"Basket.clickBtnMoveToBasket(1008,8530,19409851927,290.9,0)"
"Basket.clickBtnMoveToBasket(3962,41522,19521802430,401,0)"
"Basket.clickBtnMoveToBasket(1679,7752,19486773088,189.92,0)"
"Basket.clickBtnMoveToBasket(3851,7729,19498128390,234.53,0)"
"Basket.clickBtnMoveToBasket(1679,7758,19422345396,189.99,0)"
"Basket.clickBtnMoveToBasket(1008,8542,19411549150,290.9,0)"
"Basket.clickBtnMoveToBasket(3851,41503,19521803084,259,0)"
"Basket.clickBtnMoveToBasket(7715,56720,19521808042,314,0)"
"Basket.clickBtnMoveToBasket(1679,8530,19426094973,189.99,0)"
"Basket.clickBtnMoveToBasket(7715,41495,19521808042,314,0)"
"Basket.clickBtnMoveToBasket(3962,41508,19521802430,401,0)"

"Basket.clickBtnMoveToBasket(1679,7792,19409940728,191.65,0)"
"Basket.clickBtnMoveToBasket(7715,41541,19521808042,314,0)"
"Basket.clickBtnMoveToBasket(3851,41506,19521803084,259,0)"

"Basket.clickBtnMoveToBasket(7715,41542,19521808042,314,0)"
"Basket.clickBtnMoveToBasket(3962,41521,19521802430,401,0)"
"Basket.clickBtnMoveToBasket(1679,8535,19498182027,193.83,0)"
"Basket.clickBtnMoveToBasket(7715,48169,19521808042,314,0)"

"Basket.clickBtnMoveToBasket(3962,41497,19521802430,401,0)"
"Basket.clickBtnMoveToBasket(1679,8549,19498138363,193.83,0)"
"Basket.clickBtnMoveToBasket(3851,41523,19521803084,259,0)"

"Basket.clickBtnMoveToBasket(3962,41514,19521802430,401,0)"
"Basket.clickBtnMoveToBasket(1008,7791,19429566495,291.3,0)"
"Basket.clickBtnMoveToBasket(1679,7791,19513998489,200.49,0)"
"Basket.clickBtnMoveToBasket(3851,41524,19521803084,259,0)"

"Basket.clickBtnMoveToBasket(3962,41513,19521802430,401,0)"
"Basket.clickBtnMoveToBasket(7715,48586,19521808042,314,0)"
"Basket.clickBtnMoveToBasket(1679,8528,19514295530,200.49,0)"
"Basket.clickBtnMoveToBasket(34779,8535,19422341649,138.19,0)"
"Basket.clickBtnMoveToBasket(1679,8552,19514016496,200.49,0)""Basket.clickBtnMoveToBasket(3851,41536,19521803084,259,0)"

"Basket.clickBtnMoveToBasket(29869,8547,19410003685,158.76,0)"
"Basket.clickBtnMoveToBasket(43665,41495,19521805253,102,0)"
"Basket.clickBtnMoveToBasket(3851,41538,19521803084,259,0)"
"Basket.clickBtnMoveToBasket(7715,48589,19521808042,314,0)"
"Basket.clickBtnMoveToBasket(3851,41543,19521803084,259,0)"

"Basket.clickBtnMoveToBasket(7715,48590,19521808042,314,0)"

"Basket.clickBtnMoveToBasket(7715,48591,19521808042,314,0)"


"Basket.clickBtnMoveToBasket(3851,41526,19521803084,259,0)"
"Basket.clickBtnMoveToBasket(29869,31444,19220169227,170,0)"
"Basket.clickBtnMoveToBasket(43665,48169,19521805253,102,0)"
"Basket.clickBtnMoveToBasket(3451,8551,19509929411,383.5,0)"
"Basket.clickBtnMoveToBasket(34779,8549,19498138197,138.19,0)"
"Basket.clickBtnMoveToBasket(43665,48585,19521805253,102,0)"
"Basket.clickBtnMoveToBasket(1008,8536,19449664005,291.3,0)"
"Basket.clickBtnMoveToBasket(7715,48593,19521808042,314,0)"

"Basket.clickBtnMoveToBasket(34779,7851,19409795558,138.89,0)"
"Basket.clickBtnMoveToBasket(1008,8542,19516151538,291.3,0)"
"Basket.clickBtnMoveToBasket(43665,48587,19521805253,102,0)""Basket.clickBtnMoveToBasket(34779,7729,19409700966,138.9,0)"
"Basket.clickBtnMoveToBasket(1008,7752,19422345343,291.3,0)"
"Basket.clickBtnMoveToBasket(43665,48588,19521805253,102,0)"
"Basket.clickBtnMoveToBasket(3451,8551,19509929412,388.2,0)"
"Basket.clickBtnMoveToBasket(7715,41498,19521808042,314,0)"
"Basket.clickBtnMoveToBasket(43665,48589,19521805253,102,0)"

"Basket.clickBtnMoveToBasket(43665,48590,19521805253,102,0)"
"Basket.clickBtnMoveToBasket(7715,41501,19521808042,314,0)"
"Basket.clickBtnMoveToBasket(1008,8555,19487933019,292.07,0)"
"Basket.clickBtnMoveToBasket(3451,41503,19521808980,436,0)"
"Basket.clickBtnMoveToBasket(43665,48591,19521805253,102,0)"
"Basket.clickBtnMoveToBasket(7715,41517,19521808042,314,0)"
"Basket.clickBtnMoveToBasket(1008,8542,19487107298,292.07,0)"
"Basket.clickBtnMoveToBasket(43665,48592,19521805253,102,0)"""Basket.clickBtnMoveToBasket(7715,41499,19521808042,314,0)"

"Basket.clickBtnMoveToBasket(3451,41523,19521808980,436,0)"

"Basket.clickBtnMoveToBasket(7715,41510,19521808042,314,0)"

"Basket.clickBtnMoveToBasket(1008,8530,19409851926,292.25,0)"
"Basket.clickBtnMoveToBasket(3451,41524,19521808980,436,0)"

"Basket.clickBtnMoveToBasket(1008,7847,19409785243,292.25,0)"
"Basket.clickBtnMoveToBasket(43665,41540,19521805253,102,0)"
"Basket.clickBtnMoveToBasket(1008,8534,19409989047,292.25,0)"
"Basket.clickBtnMoveToBasket(3451,41538,19521808980,436,0)"
"Basket.clickBtnMoveToBasket(1008,8536,19409745471,292.25,0)"
"Basket.clickBtnMoveToBasket(3451,41543,19521808980,436,0)"
"Basket.clickBtnMoveToBasket(1008,8544,19410042449,292.25,0)"
"Basket.clickBtnMoveToBasket(3451,41534,19521808980,436,0)"
"Basket.clickBtnMoveToBasket(1008,8527,19410028638,292.25,0)"
"Basket.clickBtnMoveToBasket(1008,8535,19442003932,292.83,0)"
"Basket.clickBtnMoveToBasket(3451,41544,19521808980,436,0)"
"Basket.clickBtnMoveToBasket(1008,7742,19486772351,293.59,0)"
"Basket.clickBtnMoveToBasket(3451,48844,19521808980,436,0)"
"Basket.clickBtnMoveToBasket(1008,8549,19498143630,293.76,0)"
"Basket.clickBtnMoveToBasket(1008,8555,19462467298,293.82,0)"
"Basket.clickBtnMoveToBasket(1008,8552,19422353536,293.82,0)"
"Basket.clickBtnMoveToBasket(3451,56720,19521808980,436,0)"
"Basket.clickBtnMoveToBasket(1008,8544,19410042451,300.06,0)"
"Basket.clickBtnMoveToBasket(1008,7752,19409863749,300.12,0)"
"Basket.clickBtnMoveToBasket(1008,31444,19512736249,321,0)"
"Basket.clickBtnMoveToBasket(1008,31914,19510831751,321,0)"
"Basket.clickBtnMoveToBasket(3851,41534,19521803084,259,0)"

"Basket.clickBtnMoveToBasket(7715,41533,19521808042,314,0)"
"Basket.clickBtnMoveToBasket(3851,41544,19521803084,259,0)"
"Basket.clickBtnMoveToBasket(7715,41502,19521808042,314,0)"
"Basket.clickBtnMoveToBasket(7715,41529,19521808042,314,0)"
"Basket.clickBtnMoveToBasket(7715,41505,19521808042,314,0)"
"Basket.clickBtnMoveToBasket(7715,41511,19521808042,314,0)"
"Basket.clickBtnMoveToBasket(7715,41522,19521808042,314,0)"
"Basket.clickBtnMoveToBasket(7715,61919,19521808042,314,0)"
"Basket.clickBtnMoveToBasket(7715,41525,19521808042,314,0)"
"Basket.clickBtnMoveToBasket(7715,41508,19521808042,314,0)"
"Basket.clickBtnMoveToBasket(7715,41521,19521808042,314,0)"
"Basket.clickBtnMoveToBasket(7715,41497,19521808042,314,0)"
"Basket.clickBtnMoveToBasket(7715,41514,19521808042,314,0)"
"Basket.clickBtnMoveToBasket(7715,41513,19521808042,314,0)"
"Basket.clickBtnMoveToBasket(7715,7791,19409641100,320.19,0)"
"Basket.clickBtnMoveToBasket(7715,8562,19458978765,320.88,0)"
"Basket.clickBtnMoveToBasket(7715,8536,19409743895,325.05,0)"
"Basket.clickBtnMoveToBasket(7715,8552,19410021879,325.05,0)"
"Basket.clickBtnMoveToBasket(7715,7742,19516158541,343.88,0)"
"Basket.clickBtnMoveToBasket(3451,41495,19521808980,436,0)"
"Basket.clickBtnMoveToBasket(3451,41541,19521808980,436,0)"
"Basket.clickBtnMoveToBasket(3451,41542,19521808980,436,0)"
"Basket.clickBtnMoveToBasket(3451,48169,19521808980,436,0)"
"Basket.clickBtnMoveToBasket(3451,48585,19521808980,436,0)"
"Basket.clickBtnMoveToBasket(43665,41517,19521805253,102,0)"
"Basket.clickBtnMoveToBasket(43665,41499,19521805253,102,0)"
"Basket.clickBtnMoveToBasket(43665,41510,19521805253,102,0)"
"Basket.clickBtnMoveToBasket(43665,41533,19521805253,102,0)"
"Basket.clickBtnMoveToBasket(43665,41500,19521805253,102,0)"
"Basket.clickBtnMoveToBasket(43665,41502,19521805253,102,0)"
"Basket.clickBtnMoveToBasket(43665,41529,19521805253,102,0)"
"Basket.clickBtnMoveToBasket(43665,41505,19521805253,102,0)"
"Basket.clickBtnMoveToBasket(43665,41511,19521805253,102,0)"
"Basket.clickBtnMoveToBasket(43665,41522,19521805253,102,0)"
"Basket.clickBtnMoveToBasket(43665,61919,19521805253,102,0)"
"Basket.clickBtnMoveToBasket(43665,41525,19521805253,102,0)"
"Basket.clickBtnMoveToBasket(43665,41508,19521805253,102,0)"
"Basket.clickBtnMoveToBasket(43665,41521,19521805253,102,0)"
"Basket.clickBtnMoveToBasket(43665,41497,19521805253,102,0)"
"Basket.clickBtnMoveToBasket(43665,41514,19521805253,102,0)"
"Basket.clickBtnMoveToBasket(43665,41513,19521805253,102,0)"
"Basket.clickBtnMoveToBasket(43665,31444,19361715851,107,0)"
"Basket.clickBtnMoveToBasket(43665,31914,19510831744,111,0)"
"Basket.clickBtnMoveToBasket(3851,48844,19521803084,259,0)"
"Basket.clickBtnMoveToBasket(3851,41548,19521803084,259,0)"
"Basket.clickBtnMoveToBasket(3851,56720,19521803084,259,0)"
"Basket.clickBtnMoveToBasket(3851,41495,19521803084,259,0)"
"Basket.clickBtnMoveToBasket(3851,41541,19521803084,259,0)"
"Basket.clickBtnMoveToBasket(3851,41542,19521803084,259,0)"
"Basket.clickBtnMoveToBasket(3851,48169,19521803084,259,0)"
"Basket.clickBtnMoveToBasket(3851,48585,19521803084,259,0)"
"Basket.clickBtnMoveToBasket(3851,48586,19521803084,259,0)"
"Basket.clickBtnMoveToBasket(3851,48587,19521803084,259,0)"
"Basket.clickBtnMoveToBasket(3851,48588,19521803084,259,0)"
"Basket.clickBtnMoveToBasket(3851,48589,19521803084,259,0)"
"Basket.clickBtnMoveToBasket(3851,48590,19521803084,259,0)"
"Basket.clickBtnMoveToBasket(3851,48591,19521803084,259,0)"
"Basket.clickBtnMoveToBasket(3851,48592,19521803084,259,0)"
"Basket.clickBtnMoveToBasket(3851,48593,19521803084,259,0)"
"Basket.clickBtnMoveToBasket(3851,41539,19521803084,259,0)"
"Basket.clickBtnMoveToBasket(3851,41540,19521803084,259,0)"
"Basket.clickBtnMoveToBasket(3851,41498,19521803084,259,0)"
"Basket.clickBtnMoveToBasket(3851,41501,19521803084,259,0)"
"Basket.clickBtnMoveToBasket(3851,41517,19521803084,259,0)"
"Basket.clickBtnMoveToBasket(3851,41499,19521803084,259,0)"
"Basket.clickBtnMoveToBasket(3851,41510,19521803084,259,0)"
"Basket.clickBtnMoveToBasket(3851,41533,19521803084,259,0)"
"Basket.clickBtnMoveToBasket(3851,41500,19521803084,259,0)"
"Basket.clickBtnMoveToBasket(3851,41502,19521803084,259,0)"
"Basket.clickBtnMoveToBasket(3851,41529,19521803084,259,0)"
"Basket.clickBtnMoveToBasket(3851,41505,19521803084,259,0)"
"Basket.clickBtnMoveToBasket(3851,41511,19521803084,259,0)"
"Basket.clickBtnMoveToBasket(3851,41522,19521803084,259,0)"
"Basket.clickBtnMoveToBasket(3851,61919,19521803084,259,0)"
"Basket.clickBtnMoveToBasket(3851,41525,19521803084,259,0)"
"Basket.clickBtnMoveToBasket(3851,41508,19521803084,259,0)"
"Basket.clickBtnMoveToBasket(3851,41521,19521803084,259,0)"
"Basket.clickBtnMoveToBasket(3851,41497,19521803084,259,0)"
"Basket.clickBtnMoveToBasket(3851,41514,19521803084,259,0)"
"Basket.clickBtnMoveToBasket(3851,41513,19521803084,259,0)"
"Basket.clickBtnMoveToBasket(3851,8530,19409845803,262.05,0)"
"Basket.clickBtnMoveToBasket(3851,8553,19410009276,267.68,0)"
"Basket.clickBtnMoveToBasket(3851,8533,19409989900,267.68,0)"
"Basket.clickBtnMoveToBasket(3851,8542,19411543815,268.67,0)"
"Basket.clickBtnMoveToBasket(3851,8552,19410018651,268.67,0)"
"Basket.clickBtnMoveToBasket(3851,7742,19409822434,274.73,0)"
"Basket.clickBtnMoveToBasket(3851,8553,19493049473,277.78,0)"
"Basket.clickBtnMoveToBasket(3851,8550,19409621694,277.78,0)"
"Basket.clickBtnMoveToBasket(3851,7792,19520289950,277.78,0)"
"Basket.clickBtnMoveToBasket(3451,48586,19521808980,436,0)"
"Basket.clickBtnMoveToBasket(3451,48587,19521808980,436,0)"
"Basket.clickBtnMoveToBasket(3451,48588,19521808980,436,0)"
"Basket.clickBtnMoveToBasket(3451,48589,19521808980,436,0)"
"Basket.clickBtnMoveToBasket(3451,48590,19521808980,436,0)"
"Basket.clickBtnMoveToBasket(3451,48591,19521808980,436,0)"
"Basket.clickBtnMoveToBasket(3451,48592,19521808980,436,0)"
"Basket.clickBtnMoveToBasket(3451,48593,19521808980,436,0)"
"Basket.clickBtnMoveToBasket(3851,7732,19422345856,277.78,0)"
"Basket.clickBtnMoveToBasket(3851,8525,19409993792,277.78,0)"
"Basket.clickBtnMoveToBasket(3451,41539,19521808980,436,0)"
"Basket.clickBtnMoveToBasket(3451,41540,19521808980,436,0)"
"Basket.clickBtnMoveToBasket(3451,41498,19521808980,436,0)"
"Basket.clickBtnMoveToBasket(3451,41501,19521808980,436,0)"
"Basket.clickBtnMoveToBasket(3451,41517,19521808980,436,0)"
"Basket.clickBtnMoveToBasket(3451,41499,19521808980,436,0)"
"Basket.clickBtnMoveToBasket(3451,41510,19521808980,436,0)"
"Basket.clickBtnMoveToBasket(3451,41533,19521808980,436,0)"
"Basket.clickBtnMoveToBasket(3451,41500,19521808980,436,0)"
"Basket.clickBtnMoveToBasket(3451,41502,19521808980,436,0)"
"Basket.clickBtnMoveToBasket(3451,41529,19521808980,436,0)"
"Basket.clickBtnMoveToBasket(3451,41505,19521808980,436,0)"
"Basket.clickBtnMoveToBasket(3451,41511,19521808980,436,0)"
"Basket.clickBtnMoveToBasket(3851,7758,19409864855,277.78,0)"
"Basket.clickBtnMoveToBasket(3451,41522,19521808980,436,0)"
"Basket.clickBtnMoveToBasket(3851,7791,19409638298,277.78,0)"
"Basket.clickBtnMoveToBasket(3451,61919,19521808980,436,0)"
"Basket.clickBtnMoveToBasket(3451,41525,19521808980,436,0)"
"Basket.clickBtnMoveToBasket(3451,41508,19521808980,436,0)"
"Basket.clickBtnMoveToBasket(3451,41521,19521808980,436,0)"
"Basket.clickBtnMoveToBasket(3451,41497,19521808980,436,0)"
"Basket.clickBtnMoveToBasket(3451,41514,19521808980,436,0)"
"Basket.clickBtnMoveToBasket(3451,41513,19521808980,436,0)"
"Basket.clickBtnMoveToBasket(3451,8553,19410017102,459.98,0)"
"Basket.clickBtnMoveToBasket(3451,8550,19409626112,459.98,0)"
"Basket.clickBtnMoveToBasket(3851,7857,19493036194,277.78,0)"
"Basket.clickBtnMoveToBasket(3851,8530,19409845802,277.78,0)"
"Basket.clickBtnMoveToBasket(3851,7851,19464903841,277.78,0)"
"Basket.clickBtnMoveToBasket(3451,8555,19409568078,459.98,0)"
"Basket.clickBtnMoveToBasket(3851,7850,19462079189,277.78,0)"
"Basket.clickBtnMoveToBasket(3851,7847,19464903454,277.78,0)"
"Basket.clickBtnMoveToBasket(3851,8534,19462090015,277.78,0)"
"Basket.clickBtnMoveToBasket(3851,8536,19520348091,277.78,0)"
"Basket.clickBtnMoveToBasket(3851,8542,19422417877,277.78,0)"
"Basket.clickBtnMoveToBasket(3851,8528,19518206949,277.78,0)"
"Basket.clickBtnMoveToBasket(3851,8544,19493039655,277.78,0)"
"Basket.clickBtnMoveToBasket(3851,8552,19442013938,277.78,0)"
"Basket.clickBtnMoveToBasket(3451,7758,19409869613,459.98,0)"
"Basket.clickBtnMoveToBasket(3451,8528,19411859085,459.98,0)"
"Basket.clickBtnMoveToBasket(3451,8552,19410023571,459.98,0)"
"Basket.clickBtnMoveToBasket(3451,8562,19409929691,459.98,0)"
"Basket.clickBtnMoveToBasket(3451,7850,19409794648,460.02,0)"
"Basket.clickBtnMoveToBasket(3451,8542,19411549143,460.02,0)"
"Basket.clickBtnMoveToBasket(3851,8527,19499164354,277.78,0)"
"Basket.clickBtnMoveToBasket(3851,8562,19445423953,277.78,0)"
"Basket.clickBtnMoveToBasket(3851,7752,19442005194,277.78,0)"
"Basket.clickBtnMoveToBasket(3451,8528,19411859086,460.02,0)"
"Basket.clickBtnMoveToBasket(3451,8525,19442012733,461.6,0)"
"Basket.clickBtnMoveToBasket(3451,7742,19426094133,462.41,0)"
"Basket.clickBtnMoveToBasket(3451,7791,19462071280,463.23,0)"
"Basket.clickBtnMoveToBasket(3451,7847,19462078739,463.23,0)"
"Basket.clickBtnMoveToBasket(3851,7742,19409822435,278.96,0)"
"Basket.clickBtnMoveToBasket(3451,7752,19409863746,463.57,0)"
"Basket.clickBtnMoveToBasket(3851,8535,19409800708,278.96,0)"
"Basket.clickBtnMoveToBasket(3851,8549,19498138362,278.96,0)"
"Basket.clickBtnMoveToBasket(3851,8552,19410018653,279.89,0)"
"Basket.clickBtnMoveToBasket(3451,7732,19426097255,464.51,0)"
"Basket.clickBtnMoveToBasket(3851,31914,19510831254,286,0)"
"Basket.clickBtnMoveToBasket(3451,8534,19426101627,464.51,0)"
"Basket.clickBtnMoveToBasket(3451,8550,19409626113,469.16,0)"
"Basket.clickBtnMoveToBasket(3451,7857,19493036588,472.12,0)"
"Basket.clickBtnMoveToBasket(3451,8528,19486780673,472.12,0)"
"Basket.clickBtnMoveToBasket(3451,8549,19498143628,472.8,0)"
"Basket.clickBtnMoveToBasket(3451,8535,19486771721,481.7,0)"
"Basket.clickBtnMoveToBasket(3451,31444,19512735954,529,0)"
"Basket.clickBtnMoveToBasket(11138,8547,19498213262,306,0)"
"Basket.clickBtnMoveToBasket(11138,7742,19498157936,306,0)"
"Basket.clickBtnMoveToBasket(11138,7742,19514005091,306,0)"
"Basket.clickBtnMoveToBasket(11138,8544,19499191990,306,0)"
"Basket.clickBtnMoveToBasket(11138,8551,19509929413,309.65,0)"
"Basket.clickBtnMoveToBasket(11138,8544,19499191991,309.65,0)"
"Basket.clickBtnMoveToBasket(11138,7752,19498163704,309.65,0)"
"Basket.clickBtnMoveToBasket(11138,7729,19498131476,313,0)"
"Basket.clickBtnMoveToBasket(11138,8562,19498192546,313,0)"
"Basket.clickBtnMoveToBasket(11138,8533,19498208647,313.02,0)"
"Basket.clickBtnMoveToBasket(11138,7792,19498228178,327,0)"
"Basket.clickBtnMoveToBasket(11138,7792,19498228179,327,0)"
"Basket.clickBtnMoveToBasket(11138,7732,19498170595,345,0)"
"Basket.clickBtnMoveToBasket(11138,8525,19409998022,367.14,0)"
"Basket.clickBtnMoveToBasket(11138,7857,19409875832,368.51,0)"
"Basket.clickBtnMoveToBasket(11138,8530,19409851928,368.51,0)"
"Basket.clickBtnMoveToBasket(11138,7850,19409794653,368.51,0)"
"Basket.clickBtnMoveToBasket(11138,8542,19411549151,368.51,0)"
"Basket.clickBtnMoveToBasket(11138,8552,19410023575,368.51,0)"
"Basket.clickBtnMoveToBasket(11138,8553,19410017108,368.52,0)"
"Basket.clickBtnMoveToBasket(11138,8549,19498143631,369.15,0)"
"Basket.clickBtnMoveToBasket(11138,7791,19498119447,370,0)"
"Basket.clickBtnMoveToBasket(11138,8534,19498205874,370,0)"
"Basket.clickBtnMoveToBasket(11138,7758,19469074095,371.01,0)"
"Basket.clickBtnMoveToBasket(11138,8536,19409745472,371.01,0)"
"Basket.clickBtnMoveToBasket(11138,8528,19493435889,371.01,0)"
"Basket.clickBtnMoveToBasket(11138,8552,19442014323,371.01,0)"
"Basket.clickBtnMoveToBasket(11138,8542,19411549152,371.36,0)"
"Basket.clickBtnMoveToBasket(11138,8553,19410017110,371.4,0)"
"Basket.clickBtnMoveToBasket(11138,8530,19409851930,371.4,0)"
"Basket.clickBtnMoveToBasket(11138,8542,19411549153,371.4,0)"
"Basket.clickBtnMoveToBasket(11138,8528,19411859091,371.4,0)"
"Basket.clickBtnMoveToBasket(11138,8527,19410028641,371.4,0)"
"Basket.clickBtnMoveToBasket(11138,8535,19462080696,372.95,0)"
"Basket.clickBtnMoveToBasket(11138,8549,19498143632,372.95,0)"
"Basket.clickBtnMoveToBasket(11138,8549,19498143633,373.32,0)"
"Basket.clickBtnMoveToBasket(11138,8550,19516237713,374.12,0)"
"Basket.clickBtnMoveToBasket(11138,7851,19517806060,374.12,0)"
"Basket.clickBtnMoveToBasket(11138,8542,19516151539,374.12,0)"
"Basket.clickBtnMoveToBasket(34360,7847,19409779321,494.3,0)"
"Basket.clickBtnMoveToBasket(34360,8544,19410038164,505.17,0)"
"Basket.clickBtnMoveToBasket(34360,8553,19410009282,515.11,0)"
"Basket.clickBtnMoveToBasket(34360,7758,19409864856,515.11,0)"
"Basket.clickBtnMoveToBasket(34360,7857,19409870808,515.11,0)"
"Basket.clickBtnMoveToBasket(34360,8530,19409845805,515.11,0)"
"Basket.clickBtnMoveToBasket(34360,7850,19426092785,515.11,0)"
"Basket.clickBtnMoveToBasket(34360,8562,19422348538,515.11,0)"
"Basket.clickBtnMoveToBasket(34360,7732,19445422424,516.03,0)"
"Basket.clickBtnMoveToBasket(34360,8534,19445427373,516.03,0)"
"Basket.clickBtnMoveToBasket(34360,8528,19442035787,516.03,0)"
"Basket.clickBtnMoveToBasket(34360,8553,19410009283,519.59,0)"
"Basket.clickBtnMoveToBasket(34360,8550,19409621696,519.59,0)"
"Basket.clickBtnMoveToBasket(34360,7792,19409940730,519.59,0)"
"Basket.clickBtnMoveToBasket(34360,7791,19409638300,519.59,0)"
"Basket.clickBtnMoveToBasket(34360,7850,19409790477,519.59,0)"
"Basket.clickBtnMoveToBasket(34360,8552,19410018657,519.59,0)"
"Basket.clickBtnMoveToBasket(34360,7742,19446131753,529.26,0)"
"Basket.clickBtnMoveToBasket(34360,8542,19514024325,531.52,0)"
"Basket.clickBtnMoveToBasket(34360,8528,19514295531,531.52,0)"
"Basket.clickBtnMoveToBasket(34360,8549,19516155200,544.75,0)"
"Basket.clickBtnMoveToBasket(4533,8550,19430082348,290.71,0)"
"Basket.clickBtnMoveToBasket(4533,7791,19426085430,290.71,0)"
"Basket.clickBtnMoveToBasket(4533,7850,19446130863,290.71,0)"
"Basket.clickBtnMoveToBasket(4533,8552,19458982328,290.71,0)"
"Basket.clickBtnMoveToBasket(4533,8527,19426304282,290.71,0)"
"Basket.clickBtnMoveToBasket(4533,31914,19510831143,418,0)"
"Basket.clickBtnMoveToBasket(2586,7850,19409790305,97.45,0)"
"Basket.clickBtnMoveToBasket(2586,8533,19442012093,97.77,0)"
"Basket.clickBtnMoveToBasket(2586,7732,19473237683,97.81,0)"
"Basket.clickBtnMoveToBasket(2586,8525,19462090857,97.96,0)"
"Basket.clickBtnMoveToBasket(2586,8527,19410024355,98,0)"
"Basket.clickBtnMoveToBasket(2586,7791,19436955436,98.07,0)"
"Basket.clickBtnMoveToBasket(2586,7847,19409779092,98.07,0)"
"Basket.clickBtnMoveToBasket(2586,8534,19409985252,98.07,0)"
"Basket.clickBtnMoveToBasket(2586,8550,19493426695,98.38,0)"
"Basket.clickBtnMoveToBasket(2586,7729,19486779932,98.38,0)"
"Basket.clickBtnMoveToBasket(2586,8542,19487106857,98.38,0)"
"Basket.clickBtnMoveToBasket(2586,8562,19486774273,98.38,0)"
"Basket.clickBtnMoveToBasket(2586,7752,19486773082,98.38,0)"
"Basket.clickBtnMoveToBasket(2586,7850,19409790306,98.64,0)"
"Basket.clickBtnMoveToBasket(2586,7792,19464909288,98.9,0)"
"Basket.clickBtnMoveToBasket(2586,8533,19469093329,98.9,0)"
"Basket.clickBtnMoveToBasket(2586,7850,19462079176,98.9,0)"
"Basket.clickBtnMoveToBasket(2586,7752,19462083328,98.9,0)"
"Basket.clickBtnMoveToBasket(2586,8534,19409985253,100.03,0)"
"Basket.clickBtnMoveToBasket(2586,7758,19409864659,101.69,0)"
"Basket.clickBtnMoveToBasket(2586,7791,19429566136,101.69,0)"
"Basket.clickBtnMoveToBasket(2586,8551,19509928076,101.69,0)"
"Basket.clickBtnMoveToBasket(2586,8530,19409845576,101.69,0)"
"Basket.clickBtnMoveToBasket(2586,7851,19426093109,101.69,0)"
"Basket.clickBtnMoveToBasket(2586,8528,19426297076,101.69,0)"
"Basket.clickBtnMoveToBasket(2586,8544,19410037964,101.69,0)"
"Basket.clickBtnMoveToBasket(2586,8547,19410003541,102.21,0)"
"Basket.clickBtnMoveToBasket(2586,8544,19518203797,102.5,0)"
"Basket.clickBtnMoveToBasket(2586,8536,19409740307,102.86,0)"
"Basket.clickBtnMoveToBasket(2586,8553,19516167265,104.11,0)"
"Basket.clickBtnMoveToBasket(3075,7729,19409700967,38.5,0)"
"Basket.clickBtnMoveToBasket(3075,7850,19409790312,39.73,0)"
"Basket.clickBtnMoveToBasket(6586,8547,19516166488,411.83,0)"
"Basket.clickBtnMoveToBasket(3075,8528,19411853938,39.73,0)"
"Basket.clickBtnMoveToBasket(3075,8547,19410003545,39.9,0)"
"Basket.clickBtnMoveToBasket(6586,8547,19498213260,412.51,0)"
"Basket.clickBtnMoveToBasket(6586,8551,19500693241,420.05,0)"
"Basket.clickBtnMoveToBasket(6586,7729,19498131472,420.17,0)"
"Basket.clickBtnMoveToBasket(6586,7792,19498228175,448,0)"
"Basket.clickBtnMoveToBasket(6586,8525,19409998019,500.45,0)"
"Basket.clickBtnMoveToBasket(6586,8530,19409851920,500.45,0)"
"Basket.clickBtnMoveToBasket(6586,7850,19409794649,500.45,0)"
"Basket.clickBtnMoveToBasket(6586,7732,19409881691,502.53,0)"
"Basket.clickBtnMoveToBasket(6586,8553,19517879971,503.67,0)"
"Basket.clickBtnMoveToBasket(6586,8555,19516244648,503.67,0)"
"Basket.clickBtnMoveToBasket(6586,7758,19469074092,503.67,0)"
"Basket.clickBtnMoveToBasket(6586,7791,19498119446,503.67,0)"
"Basket.clickBtnMoveToBasket(6586,8530,19493033894,503.67,0)"
"Basket.clickBtnMoveToBasket(6586,7851,19493030656,503.67,0)"
"Basket.clickBtnMoveToBasket(6586,7847,19517800115,503.67,0)"
"Basket.clickBtnMoveToBasket(6586,8534,19486777324,503.67,0)"
"Basket.clickBtnMoveToBasket(6586,8536,19498137683,503.67,0)"
"Basket.clickBtnMoveToBasket(6586,8542,19516151536,503.67,0)"
"Basket.clickBtnMoveToBasket(6586,8528,19493435888,503.67,0)"
"Basket.clickBtnMoveToBasket(6586,8544,19505976722,503.67,0)"
"Basket.clickBtnMoveToBasket(6586,8527,19521168056,503.67,0)"
"Basket.clickBtnMoveToBasket(6586,8562,19493052678,503.67,0)"
"Basket.clickBtnMoveToBasket(6586,7752,19493035406,503.67,0)"
"Basket.clickBtnMoveToBasket(6586,8550,19442228393,503.72,0)"
"Basket.clickBtnMoveToBasket(6586,8555,19442228154,503.72,0)"
"Basket.clickBtnMoveToBasket(6586,7857,19498166886,503.73,0)"
"Basket.clickBtnMoveToBasket(6586,7847,19462078740,503.73,0)"
"Basket.clickBtnMoveToBasket(6586,8550,19409626114,504.32,0)"
"Basket.clickBtnMoveToBasket(6586,7732,19409881690,504.32,0)"
"Basket.clickBtnMoveToBasket(6586,8525,19409998018,504.32,0)"
"Basket.clickBtnMoveToBasket(6586,7758,19409869614,504.32,0)"
"Basket.clickBtnMoveToBasket(6586,8530,19409851919,504.32,0)"
"Basket.clickBtnMoveToBasket(6586,8533,19409993015,504.32,0)"
"Basket.clickBtnMoveToBasket(6586,7847,19409785240,504.32,0)"
"Basket.clickBtnMoveToBasket(6586,8534,19409989045,504.32,0)"
"Basket.clickBtnMoveToBasket(6586,8542,19411549144,504.32,0)"
"Basket.clickBtnMoveToBasket(6586,8544,19410042447,504.32,0)"
"Basket.clickBtnMoveToBasket(6586,8552,19410023572,504.32,0)"
"Basket.clickBtnMoveToBasket(6586,8527,19410028636,504.32,0)"
"Basket.clickBtnMoveToBasket(6586,7752,19409863747,504.32,0)"
"Basket.clickBtnMoveToBasket(6586,7742,19514005090,506.3,0)"
"Basket.clickBtnMoveToBasket(6586,8535,19442003931,506.3,0)"
"Basket.clickBtnMoveToBasket(6586,8549,19516155707,506.3,0)"
"Basket.clickBtnMoveToBasket(6586,7742,19422343189,506.94,0)"
"Basket.clickBtnMoveToBasket(6586,8535,19409806076,506.94,0)"
"Basket.clickBtnMoveToBasket(6586,31444,19512735900,546,0)"
